"filename", "language", "JavaScript", "JSON", "Markdown", "HTML", "Vue", "YAML", "XML", "SCSS", "comment", "blank", "total"
"d:\work\workspace\thinglinks\thinglinks-ui\.eslintrc.js", "JavaScript", 195, 0, 0, 0, 0, 0, 0, 0, 3, 2, 200
"d:\work\workspace\thinglinks\thinglinks-ui\README.md", "Markdown", 0, 0, 21, 0, 0, 0, 0, 0, 0, 9, 30
"d:\work\workspace\thinglinks\thinglinks-ui\babel.config.js", "JavaScript", 10, 0, 0, 0, 0, 0, 0, 0, 3, 1, 14
"d:\work\workspace\thinglinks\thinglinks-ui\build\index.js", "JavaScript", 28, 0, 0, 0, 0, 0, 0, 0, 0, 8, 36
"d:\work\workspace\thinglinks\thinglinks-ui\package.json", "JSON", 0, 96, 0, 0, 0, 0, 0, 0, 0, 0, 96
"d:\work\workspace\thinglinks\thinglinks-ui\public\html\ie.html", "HTML", 0, 0, 0, 45, 0, 0, 0, 0, 0, 1, 46
"d:\work\workspace\thinglinks\thinglinks-ui\public\index.html", "HTML", 0, 0, 0, 346, 0, 0, 0, 0, 194, 48, 588
"d:\work\workspace\thinglinks\thinglinks-ui\src\App.vue", "Vue", 0, 0, 0, 0, 26, 0, 0, 0, 0, 2, 28
"d:\work\workspace\thinglinks\thinglinks-ui\src\api\broker\publish.js", "JavaScript", 8, 0, 0, 0, 0, 0, 0, 0, 1, 2, 11
"d:\work\workspace\thinglinks\thinglinks-ui\src\api\link\casbinRule.js", "JavaScript", 34, 0, 0, 0, 0, 0, 0, 0, 5, 6, 45
"d:\work\workspace\thinglinks\thinglinks-ui\src\api\link\deviceInfo.js", "JavaScript", 47, 0, 0, 0, 0, 0, 0, 0, 7, 7, 61
"d:\work\workspace\thinglinks\thinglinks-ui\src\api\link\deviceLocation.js", "JavaScript", 34, 0, 0, 0, 0, 0, 0, 0, 5, 6, 45
"d:\work\workspace\thinglinks\thinglinks-ui\src\api\link\device\action.js", "JavaScript", 34, 0, 0, 0, 0, 0, 0, 0, 5, 6, 45
"d:\work\workspace\thinglinks\thinglinks-ui\src\api\link\device\device.js", "JavaScript", 53, 0, 0, 0, 0, 0, 0, 0, 8, 9, 70
"d:\work\workspace\thinglinks\thinglinks-ui\src\api\link\device\topic.js", "JavaScript", 34, 0, 0, 0, 0, 0, 0, 0, 5, 6, 45
"d:\work\workspace\thinglinks\thinglinks-ui\src\api\link\product\product.js", "JavaScript", 53, 0, 0, 0, 0, 0, 0, 0, 12, 9, 74
"d:\work\workspace\thinglinks\thinglinks-ui\src\api\link\product\productCommands.js", "JavaScript", 34, 0, 0, 0, 0, 0, 0, 0, 5, 6, 45
"d:\work\workspace\thinglinks\thinglinks-ui\src\api\link\product\productProperties.js", "JavaScript", 34, 0, 0, 0, 0, 0, 0, 0, 5, 6, 45
"d:\work\workspace\thinglinks\thinglinks-ui\src\api\link\product\productRequests.js", "JavaScript", 34, 0, 0, 0, 0, 0, 0, 0, 5, 6, 45
"d:\work\workspace\thinglinks\thinglinks-ui\src\api\link\product\productResponse.js", "JavaScript", 34, 0, 0, 0, 0, 0, 0, 0, 5, 6, 45
"d:\work\workspace\thinglinks\thinglinks-ui\src\api\link\product\productServices.js", "JavaScript", 41, 0, 0, 0, 0, 0, 0, 0, 6, 6, 53
"d:\work\workspace\thinglinks\thinglinks-ui\src\api\link\product\productTemplate.js", "JavaScript", 40, 0, 0, 0, 0, 0, 0, 0, 6, 7, 53
"d:\work\workspace\thinglinks\thinglinks-ui\src\api\link\protocol.js", "JavaScript", 53, 0, 0, 0, 0, 0, 0, 0, 8, 9, 70
"d:\work\workspace\thinglinks\thinglinks-ui\src\api\login.js", "JavaScript", 43, 0, 0, 0, 0, 0, 0, 0, 6, 6, 55
"d:\work\workspace\thinglinks\thinglinks-ui\src\api\menu.js", "JavaScript", 7, 0, 0, 0, 0, 0, 0, 0, 1, 1, 9
"d:\work\workspace\thinglinks\thinglinks-ui\src\api\monitor\job.js", "JavaScript", 56, 0, 0, 0, 0, 0, 0, 0, 7, 8, 71
"d:\work\workspace\thinglinks\thinglinks-ui\src\api\monitor\jobLog.js", "JavaScript", 20, 0, 0, 0, 0, 0, 0, 0, 3, 4, 27
"d:\work\workspace\thinglinks\thinglinks-ui\src\api\monitor\online.js", "JavaScript", 14, 0, 0, 0, 0, 0, 0, 0, 2, 3, 19
"d:\work\workspace\thinglinks\thinglinks-ui\src\api\system\config.js", "JavaScript", 46, 0, 0, 0, 0, 0, 0, 0, 7, 8, 61
"d:\work\workspace\thinglinks\thinglinks-ui\src\api\system\dept.js", "JavaScript", 52, 0, 0, 0, 0, 0, 0, 0, 8, 8, 68
"d:\work\workspace\thinglinks\thinglinks-ui\src\api\system\dict\data.js", "JavaScript", 40, 0, 0, 0, 0, 0, 0, 0, 6, 7, 53
"d:\work\workspace\thinglinks\thinglinks-ui\src\api\system\dict\type.js", "JavaScript", 46, 0, 0, 0, 0, 0, 0, 0, 7, 7, 60
"d:\work\workspace\thinglinks\thinglinks-ui\src\api\system\logininfor.js", "JavaScript", 20, 0, 0, 0, 0, 0, 0, 0, 3, 4, 27
"d:\work\workspace\thinglinks\thinglinks-ui\src\api\system\menu.js", "JavaScript", 46, 0, 0, 0, 0, 0, 0, 0, 7, 7, 60
"d:\work\workspace\thinglinks\thinglinks-ui\src\api\system\notice.js", "JavaScript", 34, 0, 0, 0, 0, 0, 0, 0, 5, 5, 44
"d:\work\workspace\thinglinks\thinglinks-ui\src\api\system\operlog.js", "JavaScript", 20, 0, 0, 0, 0, 0, 0, 0, 3, 4, 27
"d:\work\workspace\thinglinks\thinglinks-ui\src\api\system\post.js", "JavaScript", 34, 0, 0, 0, 0, 0, 0, 0, 5, 6, 45
"d:\work\workspace\thinglinks\thinglinks-ui\src\api\system\role.js", "JavaScript", 87, 0, 0, 0, 0, 0, 0, 0, 12, 11, 110
"d:\work\workspace\thinglinks\thinglinks-ui\src\api\system\user.js", "JavaScript", 101, 0, 0, 0, 0, 0, 0, 0, 13, 14, 128
"d:\work\workspace\thinglinks\thinglinks-ui\src\api\tdengine\shadow.js", "JavaScript", 21, 0, 0, 0, 0, 0, 0, 0, 0, 4, 25
"d:\work\workspace\thinglinks\thinglinks-ui\src\api\tool\gen.js", "JavaScript", 59, 0, 0, 0, 0, 0, 0, 0, 9, 9, 77
"d:\work\workspace\thinglinks\thinglinks-ui\src\assets\3DAnimation\drone.json", "JSON", 0, 1, 0, 0, 0, 0, 0, 0, 0, 0, 1
"d:\work\workspace\thinglinks\thinglinks-ui\src\assets\icons\index.js", "JavaScript", 6, 0, 0, 0, 0, 0, 0, 0, 1, 3, 10
"d:\work\workspace\thinglinks\thinglinks-ui\src\assets\icons\svg\404.svg", "XML", 0, 0, 0, 0, 0, 0, 1, 0, 0, 0, 1
"d:\work\workspace\thinglinks\thinglinks-ui\src\assets\icons\svg\AppStudio.svg", "XML", 0, 0, 0, 0, 0, 0, 1, 0, 0, 0, 1
"d:\work\workspace\thinglinks\thinglinks-ui\src\assets\icons\svg\ContentUnion.svg", "XML", 0, 0, 0, 0, 0, 0, 1, 0, 0, 0, 1
"d:\work\workspace\thinglinks\thinglinks-ui\src\assets\icons\svg\Cool.svg", "XML", 0, 0, 0, 0, 0, 0, 1, 0, 0, 0, 1
"d:\work\workspace\thinglinks\thinglinks-ui\src\assets\icons\svg\EAM.svg", "XML", 0, 0, 0, 0, 0, 0, 1, 0, 0, 0, 1
"d:\work\workspace\thinglinks\thinglinks-ui\src\assets\icons\svg\FunctionStudio.svg", "XML", 0, 0, 0, 0, 0, 0, 1, 0, 0, 0, 1
"d:\work\workspace\thinglinks\thinglinks-ui\src\assets\icons\svg\IOT.svg", "XML", 0, 0, 0, 0, 0, 0, 1, 0, 0, 0, 1
"d:\work\workspace\thinglinks\thinglinks-ui\src\assets\icons\svg\MIOTA.svg", "XML", 0, 0, 0, 0, 0, 0, 1, 0, 0, 0, 1
"d:\work\workspace\thinglinks\thinglinks-ui\src\assets\icons\svg\NBIOTshezhi.svg", "XML", 0, 0, 0, 0, 0, 0, 1, 0, 0, 0, 1
"d:\work\workspace\thinglinks\thinglinks-ui\src\assets\icons\svg\PAIStudio.svg", "XML", 0, 0, 0, 0, 0, 0, 1, 0, 0, 0, 1
"d:\work\workspace\thinglinks\thinglinks-ui\src\assets\icons\svg\Platform.svg", "XML", 0, 0, 0, 0, 0, 0, 1, 0, 0, 0, 1
"d:\work\workspace\thinglinks\thinglinks-ui\src\assets\icons\svg\Platform2.svg", "XML", 0, 0, 0, 0, 0, 0, 1, 0, 0, 0, 1
"d:\work\workspace\thinglinks\thinglinks-ui\src\assets\icons\svg\SDARS.svg", "XML", 0, 0, 0, 0, 0, 0, 1, 0, 0, 0, 1
"d:\work\workspace\thinglinks\thinglinks-ui\src\assets\icons\svg\SOC.svg", "XML", 0, 0, 0, 0, 0, 0, 1, 0, 0, 0, 1
"d:\work\workspace\thinglinks\thinglinks-ui\src\assets\icons\svg\agora_iot.svg", "XML", 0, 0, 0, 0, 0, 0, 1, 0, 0, 0, 1
"d:\work\workspace\thinglinks\thinglinks-ui\src\assets\icons\svg\audio.svg", "XML", 0, 0, 0, 0, 0, 0, 1, 0, 0, 0, 1
"d:\work\workspace\thinglinks\thinglinks-ui\src\assets\icons\svg\biotech.svg", "XML", 0, 0, 0, 0, 0, 0, 1, 0, 0, 0, 1
"d:\work\workspace\thinglinks\thinglinks-ui\src\assets\icons\svg\blockChain.svg", "XML", 0, 0, 0, 0, 0, 0, 1, 0, 0, 0, 1
"d:\work\workspace\thinglinks\thinglinks-ui\src\assets\icons\svg\bug.svg", "XML", 0, 0, 0, 0, 0, 0, 1, 0, 0, 0, 1
"d:\work\workspace\thinglinks\thinglinks-ui\src\assets\icons\svg\build.svg", "XML", 0, 0, 0, 0, 0, 0, 1, 0, 0, 0, 1
"d:\work\workspace\thinglinks\thinglinks-ui\src\assets\icons\svg\button.svg", "XML", 0, 0, 0, 0, 0, 0, 1, 0, 0, 0, 1
"d:\work\workspace\thinglinks\thinglinks-ui\src\assets\icons\svg\cascader.svg", "XML", 0, 0, 0, 0, 0, 0, 1, 0, 0, 0, 1
"d:\work\workspace\thinglinks\thinglinks-ui\src\assets\icons\svg\chart.svg", "XML", 0, 0, 0, 0, 0, 0, 1, 0, 0, 0, 1
"d:\work\workspace\thinglinks\thinglinks-ui\src\assets\icons\svg\checkbox.svg", "XML", 0, 0, 0, 0, 0, 0, 1, 0, 0, 0, 1
"d:\work\workspace\thinglinks\thinglinks-ui\src\assets\icons\svg\client.svg", "XML", 0, 0, 0, 0, 0, 0, 1, 0, 0, 0, 1
"d:\work\workspace\thinglinks\thinglinks-ui\src\assets\icons\svg\clipboard.svg", "XML", 0, 0, 0, 0, 0, 0, 1, 0, 0, 0, 1
"d:\work\workspace\thinglinks\thinglinks-ui\src\assets\icons\svg\code.svg", "XML", 0, 0, 0, 0, 0, 0, 1, 0, 0, 0, 1
"d:\work\workspace\thinglinks\thinglinks-ui\src\assets\icons\svg\color.svg", "XML", 0, 0, 0, 0, 0, 0, 1, 0, 0, 0, 1
"d:\work\workspace\thinglinks\thinglinks-ui\src\assets\icons\svg\component.svg", "XML", 0, 0, 0, 0, 0, 0, 1, 0, 0, 0, 1
"d:\work\workspace\thinglinks\thinglinks-ui\src\assets\icons\svg\context.svg", "XML", 0, 0, 0, 0, 0, 0, 1, 0, 0, 0, 1
"d:\work\workspace\thinglinks\thinglinks-ui\src\assets\icons\svg\dashboard.svg", "XML", 0, 0, 0, 0, 0, 0, 1, 0, 0, 0, 1
"d:\work\workspace\thinglinks\thinglinks-ui\src\assets\icons\svg\date-range.svg", "XML", 0, 0, 0, 0, 0, 0, 1, 0, 0, 0, 1
"d:\work\workspace\thinglinks\thinglinks-ui\src\assets\icons\svg\date.svg", "XML", 0, 0, 0, 0, 0, 0, 1, 0, 0, 0, 1
"d:\work\workspace\thinglinks\thinglinks-ui\src\assets\icons\svg\deviceEntry.svg", "XML", 0, 0, 0, 0, 0, 0, 1, 0, 0, 0, 1
"d:\work\workspace\thinglinks\thinglinks-ui\src\assets\icons\svg\deviceInfo.svg", "XML", 0, 0, 0, 0, 0, 0, 1, 0, 0, 0, 1
"d:\work\workspace\thinglinks\thinglinks-ui\src\assets\icons\svg\deviceVerify.svg", "XML", 0, 0, 0, 0, 0, 0, 1, 0, 0, 0, 1
"d:\work\workspace\thinglinks\thinglinks-ui\src\assets\icons\svg\dict.svg", "XML", 0, 0, 0, 0, 0, 0, 1, 0, 0, 0, 1
"d:\work\workspace\thinglinks\thinglinks-ui\src\assets\icons\svg\documentation.svg", "XML", 0, 0, 0, 0, 0, 0, 1, 0, 0, 0, 1
"d:\work\workspace\thinglinks\thinglinks-ui\src\assets\icons\svg\download.svg", "XML", 0, 0, 0, 0, 0, 0, 1, 0, 0, 0, 1
"d:\work\workspace\thinglinks\thinglinks-ui\src\assets\icons\svg\drag.svg", "XML", 0, 0, 0, 0, 0, 0, 1, 0, 0, 0, 1
"d:\work\workspace\thinglinks\thinglinks-ui\src\assets\icons\svg\druid.svg", "XML", 0, 0, 0, 0, 0, 0, 1, 0, 0, 0, 1
"d:\work\workspace\thinglinks\thinglinks-ui\src\assets\icons\svg\edit.svg", "XML", 0, 0, 0, 0, 0, 0, 1, 0, 0, 0, 1
"d:\work\workspace\thinglinks\thinglinks-ui\src\assets\icons\svg\education.svg", "XML", 0, 0, 0, 0, 0, 0, 1, 0, 0, 0, 1
"d:\work\workspace\thinglinks\thinglinks-ui\src\assets\icons\svg\elliott-.svg", "XML", 0, 0, 0, 0, 0, 0, 1, 0, 0, 0, 1
"d:\work\workspace\thinglinks\thinglinks-ui\src\assets\icons\svg\email.svg", "XML", 0, 0, 0, 0, 0, 0, 1, 0, 0, 0, 1
"d:\work\workspace\thinglinks\thinglinks-ui\src\assets\icons\svg\entryManage.svg", "XML", 0, 0, 0, 0, 0, 0, 1, 0, 0, 0, 1
"d:\work\workspace\thinglinks\thinglinks-ui\src\assets\icons\svg\example.svg", "XML", 0, 0, 0, 0, 0, 0, 1, 0, 0, 0, 1
"d:\work\workspace\thinglinks\thinglinks-ui\src\assets\icons\svg\excel.svg", "XML", 0, 0, 0, 0, 0, 0, 1, 0, 0, 0, 1
"d:\work\workspace\thinglinks\thinglinks-ui\src\assets\icons\svg\exit-fullscreen.svg", "XML", 0, 0, 0, 0, 0, 0, 1, 0, 0, 0, 1
"d:\work\workspace\thinglinks\thinglinks-ui\src\assets\icons\svg\eye-open.svg", "XML", 0, 0, 0, 0, 0, 0, 1, 0, 0, 0, 1
"d:\work\workspace\thinglinks\thinglinks-ui\src\assets\icons\svg\eye.svg", "XML", 0, 0, 0, 0, 0, 0, 1, 0, 0, 0, 1
"d:\work\workspace\thinglinks\thinglinks-ui\src\assets\icons\svg\form.svg", "XML", 0, 0, 0, 0, 0, 0, 1, 0, 0, 0, 1
"d:\work\workspace\thinglinks\thinglinks-ui\src\assets\icons\svg\fullscreen.svg", "XML", 0, 0, 0, 0, 0, 0, 1, 0, 0, 0, 1
"d:\work\workspace\thinglinks\thinglinks-ui\src\assets\icons\svg\github.svg", "XML", 0, 0, 0, 0, 0, 0, 1, 0, 0, 0, 1
"d:\work\workspace\thinglinks\thinglinks-ui\src\assets\icons\svg\guide.svg", "XML", 0, 0, 0, 0, 0, 0, 1, 0, 0, 0, 1
"d:\work\workspace\thinglinks\thinglinks-ui\src\assets\icons\svg\ic_IOT.svg", "XML", 0, 0, 0, 0, 0, 0, 1, 0, 0, 0, 1
"d:\work\workspace\thinglinks\thinglinks-ui\src\assets\icons\svg\icon.svg", "XML", 0, 0, 0, 0, 0, 0, 1, 0, 0, 0, 1
"d:\work\workspace\thinglinks\thinglinks-ui\src\assets\icons\svg\input.svg", "XML", 0, 0, 0, 0, 0, 0, 1, 0, 0, 0, 1
"d:\work\workspace\thinglinks\thinglinks-ui\src\assets\icons\svg\international.svg", "XML", 0, 0, 0, 0, 0, 0, 1, 0, 0, 0, 1
"d:\work\workspace\thinglinks\thinglinks-ui\src\assets\icons\svg\iot1.svg", "XML", 0, 0, 0, 0, 0, 0, 1, 0, 0, 0, 1
"d:\work\workspace\thinglinks\thinglinks-ui\src\assets\icons\svg\iota.svg", "XML", 0, 0, 0, 0, 0, 0, 1, 0, 0, 0, 1
"d:\work\workspace\thinglinks\thinglinks-ui\src\assets\icons\svg\iotid.svg", "XML", 0, 0, 0, 0, 0, 0, 1, 0, 0, 0, 1
"d:\work\workspace\thinglinks\thinglinks-ui\src\assets\icons\svg\itch-io.svg", "XML", 0, 0, 0, 0, 0, 0, 1, 0, 0, 0, 1
"d:\work\workspace\thinglinks\thinglinks-ui\src\assets\icons\svg\job.svg", "XML", 0, 0, 0, 0, 0, 0, 1, 0, 0, 0, 1
"d:\work\workspace\thinglinks\thinglinks-ui\src\assets\icons\svg\language.svg", "XML", 0, 0, 0, 0, 0, 0, 1, 0, 0, 0, 1
"d:\work\workspace\thinglinks\thinglinks-ui\src\assets\icons\svg\link.svg", "XML", 0, 0, 0, 0, 0, 0, 1, 0, 0, 0, 1
"d:\work\workspace\thinglinks\thinglinks-ui\src\assets\icons\svg\list.svg", "XML", 0, 0, 0, 0, 0, 0, 1, 0, 0, 0, 1
"d:\work\workspace\thinglinks\thinglinks-ui\src\assets\icons\svg\lock.svg", "XML", 0, 0, 0, 0, 0, 0, 1, 0, 0, 0, 1
"d:\work\workspace\thinglinks\thinglinks-ui\src\assets\icons\svg\log.svg", "XML", 0, 0, 0, 0, 0, 0, 1, 0, 0, 0, 1
"d:\work\workspace\thinglinks\thinglinks-ui\src\assets\icons\svg\logininfor.svg", "XML", 0, 0, 0, 0, 0, 0, 1, 0, 0, 0, 1
"d:\work\workspace\thinglinks\thinglinks-ui\src\assets\icons\svg\message.svg", "XML", 0, 0, 0, 0, 0, 0, 1, 0, 0, 0, 1
"d:\work\workspace\thinglinks\thinglinks-ui\src\assets\icons\svg\money.svg", "XML", 0, 0, 0, 0, 0, 0, 1, 0, 0, 0, 1
"d:\work\workspace\thinglinks\thinglinks-ui\src\assets\icons\svg\monitor.svg", "XML", 0, 0, 0, 0, 0, 0, 2, 0, 0, 0, 2
"d:\work\workspace\thinglinks\thinglinks-ui\src\assets\icons\svg\nacos.svg", "XML", 0, 0, 0, 0, 0, 0, 1, 0, 0, 0, 1
"d:\work\workspace\thinglinks\thinglinks-ui\src\assets\icons\svg\nested.svg", "XML", 0, 0, 0, 0, 0, 0, 1, 0, 0, 0, 1
"d:\work\workspace\thinglinks\thinglinks-ui\src\assets\icons\svg\number.svg", "XML", 0, 0, 0, 0, 0, 0, 1, 0, 0, 0, 1
"d:\work\workspace\thinglinks\thinglinks-ui\src\assets\icons\svg\online.svg", "XML", 0, 0, 0, 0, 0, 0, 1, 0, 0, 0, 1
"d:\work\workspace\thinglinks\thinglinks-ui\src\assets\icons\svg\orchestrations.svg", "XML", 0, 0, 0, 0, 0, 0, 1, 0, 0, 0, 1
"d:\work\workspace\thinglinks\thinglinks-ui\src\assets\icons\svg\password.svg", "XML", 0, 0, 0, 0, 0, 0, 1, 0, 0, 0, 1
"d:\work\workspace\thinglinks\thinglinks-ui\src\assets\icons\svg\pdf.svg", "XML", 0, 0, 0, 0, 0, 0, 1, 0, 0, 0, 1
"d:\work\workspace\thinglinks\thinglinks-ui\src\assets\icons\svg\people.svg", "XML", 0, 0, 0, 0, 0, 0, 1, 0, 0, 0, 1
"d:\work\workspace\thinglinks\thinglinks-ui\src\assets\icons\svg\peoples.svg", "XML", 0, 0, 0, 0, 0, 0, 1, 0, 0, 0, 1
"d:\work\workspace\thinglinks\thinglinks-ui\src\assets\icons\svg\phone.svg", "XML", 0, 0, 0, 0, 0, 0, 1, 0, 0, 0, 1
"d:\work\workspace\thinglinks\thinglinks-ui\src\assets\icons\svg\portfolio.svg", "XML", 0, 0, 0, 0, 0, 0, 1, 0, 0, 0, 1
"d:\work\workspace\thinglinks\thinglinks-ui\src\assets\icons\svg\post.svg", "XML", 0, 0, 0, 0, 0, 0, 1, 0, 0, 0, 1
"d:\work\workspace\thinglinks\thinglinks-ui\src\assets\icons\svg\qq.svg", "XML", 0, 0, 0, 0, 0, 0, 1, 0, 0, 0, 1
"d:\work\workspace\thinglinks\thinglinks-ui\src\assets\icons\svg\question.svg", "XML", 0, 0, 0, 0, 0, 0, 1, 0, 0, 0, 1
"d:\work\workspace\thinglinks\thinglinks-ui\src\assets\icons\svg\radio.svg", "XML", 0, 0, 0, 0, 0, 0, 1, 0, 0, 0, 1
"d:\work\workspace\thinglinks\thinglinks-ui\src\assets\icons\svg\radio1.svg", "XML", 0, 0, 0, 0, 0, 0, 1, 0, 0, 0, 1
"d:\work\workspace\thinglinks\thinglinks-ui\src\assets\icons\svg\radiotower.svg", "XML", 0, 0, 0, 0, 0, 0, 1, 0, 0, 0, 1
"d:\work\workspace\thinglinks\thinglinks-ui\src\assets\icons\svg\rate.svg", "XML", 0, 0, 0, 0, 0, 0, 1, 0, 0, 0, 1
"d:\work\workspace\thinglinks\thinglinks-ui\src\assets\icons\svg\refresh.svg", "XML", 0, 0, 0, 0, 0, 0, 1, 0, 0, 0, 1
"d:\work\workspace\thinglinks\thinglinks-ui\src\assets\icons\svg\riot.svg", "XML", 0, 0, 0, 0, 0, 0, 1, 0, 0, 0, 1
"d:\work\workspace\thinglinks\thinglinks-ui\src\assets\icons\svg\riot1.svg", "XML", 0, 0, 0, 0, 0, 0, 1, 0, 0, 0, 1
"d:\work\workspace\thinglinks\thinglinks-ui\src\assets\icons\svg\row.svg", "XML", 0, 0, 0, 0, 0, 0, 1, 0, 0, 0, 1
"d:\work\workspace\thinglinks\thinglinks-ui\src\assets\icons\svg\search.svg", "XML", 0, 0, 0, 0, 0, 0, 1, 0, 0, 0, 1
"d:\work\workspace\thinglinks\thinglinks-ui\src\assets\icons\svg\select.svg", "XML", 0, 0, 0, 0, 0, 0, 1, 0, 0, 0, 1
"d:\work\workspace\thinglinks\thinglinks-ui\src\assets\icons\svg\sentinel.svg", "XML", 0, 0, 0, 0, 0, 0, 1, 0, 0, 0, 1
"d:\work\workspace\thinglinks\thinglinks-ui\src\assets\icons\svg\server.svg", "XML", 0, 0, 0, 0, 0, 0, 1, 0, 0, 0, 1
"d:\work\workspace\thinglinks\thinglinks-ui\src\assets\icons\svg\shopping.svg", "XML", 0, 0, 0, 0, 0, 0, 1, 0, 0, 0, 1
"d:\work\workspace\thinglinks\thinglinks-ui\src\assets\icons\svg\size.svg", "XML", 0, 0, 0, 0, 0, 0, 1, 0, 0, 0, 1
"d:\work\workspace\thinglinks\thinglinks-ui\src\assets\icons\svg\skill.svg", "XML", 0, 0, 0, 0, 0, 0, 1, 0, 0, 0, 1
"d:\work\workspace\thinglinks\thinglinks-ui\src\assets\icons\svg\slider.svg", "XML", 0, 0, 0, 0, 0, 0, 1, 0, 0, 0, 1
"d:\work\workspace\thinglinks\thinglinks-ui\src\assets\icons\svg\star.svg", "XML", 0, 0, 0, 0, 0, 0, 1, 0, 0, 0, 1
"d:\work\workspace\thinglinks\thinglinks-ui\src\assets\icons\svg\swagger.svg", "XML", 0, 0, 0, 0, 0, 0, 1, 0, 0, 0, 1
"d:\work\workspace\thinglinks\thinglinks-ui\src\assets\icons\svg\switch.svg", "XML", 0, 0, 0, 0, 0, 0, 1, 0, 0, 0, 1
"d:\work\workspace\thinglinks\thinglinks-ui\src\assets\icons\svg\system.svg", "XML", 0, 0, 0, 0, 0, 0, 2, 0, 0, 0, 2
"d:\work\workspace\thinglinks\thinglinks-ui\src\assets\icons\svg\system2.svg", "XML", 0, 0, 0, 0, 0, 0, 1, 0, 0, 0, 1
"d:\work\workspace\thinglinks\thinglinks-ui\src\assets\icons\svg\tab.svg", "XML", 0, 0, 0, 0, 0, 0, 1, 0, 0, 0, 1
"d:\work\workspace\thinglinks\thinglinks-ui\src\assets\icons\svg\table.svg", "XML", 0, 0, 0, 0, 0, 0, 1, 0, 0, 0, 1
"d:\work\workspace\thinglinks\thinglinks-ui\src\assets\icons\svg\textarea.svg", "XML", 0, 0, 0, 0, 0, 0, 1, 0, 0, 0, 1
"d:\work\workspace\thinglinks\thinglinks-ui\src\assets\icons\svg\theme.svg", "XML", 0, 0, 0, 0, 0, 0, 1, 0, 0, 0, 1
"d:\work\workspace\thinglinks\thinglinks-ui\src\assets\icons\svg\time-range.svg", "XML", 0, 0, 0, 0, 0, 0, 1, 0, 0, 0, 1
"d:\work\workspace\thinglinks\thinglinks-ui\src\assets\icons\svg\time.svg", "XML", 0, 0, 0, 0, 0, 0, 1, 0, 0, 0, 1
"d:\work\workspace\thinglinks\thinglinks-ui\src\assets\icons\svg\tool.svg", "XML", 0, 0, 0, 0, 0, 0, 1, 0, 0, 0, 1
"d:\work\workspace\thinglinks\thinglinks-ui\src\assets\icons\svg\tree-table.svg", "XML", 0, 0, 0, 0, 0, 0, 1, 0, 0, 0, 1
"d:\work\workspace\thinglinks\thinglinks-ui\src\assets\icons\svg\tree.svg", "XML", 0, 0, 0, 0, 0, 0, 1, 0, 0, 0, 1
"d:\work\workspace\thinglinks\thinglinks-ui\src\assets\icons\svg\upload.svg", "XML", 0, 0, 0, 0, 0, 0, 1, 0, 0, 0, 1
"d:\work\workspace\thinglinks\thinglinks-ui\src\assets\icons\svg\user.svg", "XML", 0, 0, 0, 0, 0, 0, 1, 0, 0, 0, 1
"d:\work\workspace\thinglinks\thinglinks-ui\src\assets\icons\svg\validCode.svg", "XML", 0, 0, 0, 0, 0, 0, 1, 0, 0, 0, 1
"d:\work\workspace\thinglinks\thinglinks-ui\src\assets\icons\svg\wechat.svg", "XML", 0, 0, 0, 0, 0, 0, 1, 0, 0, 0, 1
"d:\work\workspace\thinglinks\thinglinks-ui\src\assets\icons\svg\wisdomIOT.svg", "XML", 0, 0, 0, 0, 0, 0, 1, 0, 0, 0, 1
"d:\work\workspace\thinglinks\thinglinks-ui\src\assets\icons\svg\zip.svg", "XML", 0, 0, 0, 0, 0, 0, 1, 0, 0, 0, 1
"d:\work\workspace\thinglinks\thinglinks-ui\src\assets\icons\svgo.yml", "YAML", 0, 0, 0, 0, 0, 5, 0, 0, 13, 5, 23
"d:\work\workspace\thinglinks\thinglinks-ui\src\assets\images\dark.svg", "XML", 0, 0, 0, 0, 0, 0, 39, 0, 0, 0, 39
"d:\work\workspace\thinglinks\thinglinks-ui\src\assets\images\light.svg", "XML", 0, 0, 0, 0, 0, 0, 39, 0, 0, 0, 39
"d:\work\workspace\thinglinks\thinglinks-ui\src\assets\styles\btn.scss", "SCSS", 0, 0, 0, 0, 0, 0, 0, 83, 0, 17, 100
"d:\work\workspace\thinglinks\thinglinks-ui\src\assets\styles\element-ui.scss", "SCSS", 0, 0, 0, 0, 0, 0, 0, 64, 6, 15, 85
"d:\work\workspace\thinglinks\thinglinks-ui\src\assets\styles\element-variables.scss", "SCSS", 0, 0, 0, 0, 0, 0, 0, 13, 10, 9, 32
"d:\work\workspace\thinglinks\thinglinks-ui\src\assets\styles\index.scss", "SCSS", 0, 0, 0, 0, 0, 0, 0, 154, 2, 36, 192
"d:\work\workspace\thinglinks\thinglinks-ui\src\assets\styles\mixin.scss", "SCSS", 0, 0, 0, 0, 0, 0, 0, 56, 0, 11, 67
"d:\work\workspace\thinglinks\thinglinks-ui\src\assets\styles\ruoyi.scss", "SCSS", 0, 0, 0, 0, 0, 0, 0, 224, 13, 37, 274
"d:\work\workspace\thinglinks\thinglinks-ui\src\assets\styles\sidebar.scss", "SCSS", 0, 0, 0, 0, 0, 0, 0, 177, 6, 41, 224
"d:\work\workspace\thinglinks\thinglinks-ui\src\assets\styles\transition.scss", "SCSS", 0, 0, 0, 0, 0, 0, 0, 35, 4, 10, 49
"d:\work\workspace\thinglinks\thinglinks-ui\src\assets\styles\variables.scss", "SCSS", 0, 0, 0, 0, 0, 0, 0, 30, 18, 7, 55
"d:\work\workspace\thinglinks\thinglinks-ui\src\components\Breadcrumb\index.vue", "Vue", 0, 0, 0, 0, 67, 0, 0, 0, 2, 6, 75
"d:\work\workspace\thinglinks\thinglinks-ui\src\components\Crontab\day.vue", "Vue", 0, 0, 0, 0, 160, 0, 0, 0, 11, 9, 180
"d:\work\workspace\thinglinks\thinglinks-ui\src\components\Crontab\hour.vue", "Vue", 0, 0, 0, 0, 111, 0, 0, 0, 7, 4, 122
"d:\work\workspace\thinglinks\thinglinks-ui\src\components\Crontab\index.vue", "Vue", 0, 0, 0, 0, 401, 0, 0, 0, 12, 13, 426
"d:\work\workspace\thinglinks\thinglinks-ui\src\components\Crontab\min.vue", "Vue", 0, 0, 0, 0, 107, 0, 0, 0, 7, 6, 120
"d:\work\workspace\thinglinks\thinglinks-ui\src\components\Crontab\month.vue", "Vue", 0, 0, 0, 0, 117, 0, 0, 0, 7, 5, 129
"d:\work\workspace\thinglinks\thinglinks-ui\src\components\Crontab\result.vue", "Vue", 0, 0, 0, 0, 479, 0, 0, 0, 74, 14, 567
"d:\work\workspace\thinglinks\thinglinks-ui\src\components\Crontab\second.vue", "Vue", 0, 0, 0, 0, 121, 0, 0, 0, 8, 5, 134
"d:\work\workspace\thinglinks\thinglinks-ui\src\components\Crontab\week.vue", "Vue", 0, 0, 0, 0, 149, 0, 0, 0, 10, 9, 168
"d:\work\workspace\thinglinks\thinglinks-ui\src\components\Crontab\year.vue", "Vue", 0, 0, 0, 0, 130, 0, 0, 0, 8, 7, 145
"d:\work\workspace\thinglinks\thinglinks-ui\src\components\DictData\index.js", "JavaScript", 19, 0, 0, 0, 0, 0, 0, 0, 0, 2, 21
"d:\work\workspace\thinglinks\thinglinks-ui\src\components\DictTag\index.vue", "Vue", 0, 0, 0, 0, 51, 0, 0, 0, 0, 1, 52
"d:\work\workspace\thinglinks\thinglinks-ui\src\components\Editor\index.vue", "Vue", 0, 0, 0, 0, 250, 0, 0, 0, 15, 8, 273
"d:\work\workspace\thinglinks\thinglinks-ui\src\components\FileUpload\index.vue", "Vue", 0, 0, 0, 0, 173, 0, 0, 0, 20, 4, 197
"d:\work\workspace\thinglinks\thinglinks-ui\src\components\Hamburger\index.vue", "Vue", 0, 0, 0, 0, 41, 0, 0, 0, 0, 4, 45
"d:\work\workspace\thinglinks\thinglinks-ui\src\components\HeaderSearch\index.vue", "Vue", 0, 0, 0, 0, 169, 0, 0, 0, 9, 13, 191
"d:\work\workspace\thinglinks\thinglinks-ui\src\components\IconSelect\index.vue", "Vue", 0, 0, 0, 0, 66, 0, 0, 0, 1, 6, 73
"d:\work\workspace\thinglinks\thinglinks-ui\src\components\IconSelect\requireIcons.js", "JavaScript", 7, 0, 0, 0, 0, 0, 0, 0, 0, 5, 12
"d:\work\workspace\thinglinks\thinglinks-ui\src\components\ImageUpload\index.vue", "Vue", 0, 0, 0, 0, 183, 0, 0, 0, 17, 8, 208
"d:\work\workspace\thinglinks\thinglinks-ui\src\components\Pagination\index.vue", "Vue", 0, 0, 0, 0, 103, 0, 0, 0, 1, 4, 108
"d:\work\workspace\thinglinks\thinglinks-ui\src\components\PanThumb\index.vue", "Vue", 0, 0, 0, 0, 117, 0, 0, 0, 13, 13, 143
"d:\work\workspace\thinglinks\thinglinks-ui\src\components\ParentView\index.vue", "Vue", 0, 0, 0, 0, 3, 0, 0, 0, 0, 1, 4
"d:\work\workspace\thinglinks\thinglinks-ui\src\components\RightPanel\index.vue", "Vue", 0, 0, 0, 0, 140, 0, 0, 0, 0, 10, 150
"d:\work\workspace\thinglinks\thinglinks-ui\src\components\RightToolbar\index.vue", "Vue", 0, 0, 0, 0, 79, 0, 0, 0, 8, 1, 88
"d:\work\workspace\thinglinks\thinglinks-ui\src\components\Screenfull\index.vue", "Vue", 0, 0, 0, 0, 54, 0, 0, 0, 0, 4, 58
"d:\work\workspace\thinglinks\thinglinks-ui\src\components\SizeSelect\index.vue", "Vue", 0, 0, 0, 0, 52, 0, 0, 0, 1, 5, 58
"d:\work\workspace\thinglinks\thinglinks-ui\src\components\SvgIcon\index.vue", "Vue", 0, 0, 0, 0, 57, 0, 0, 0, 0, 5, 62
"d:\work\workspace\thinglinks\thinglinks-ui\src\components\ThemePicker\index.vue", "Vue", 0, 0, 0, 0, 149, 0, 0, 0, 0, 25, 174
"d:\work\workspace\thinglinks\thinglinks-ui\src\components\ThingLinks\Doc\index.vue", "Vue", 0, 0, 0, 0, 20, 0, 0, 0, 0, 2, 22
"d:\work\workspace\thinglinks\thinglinks-ui\src\components\ThingLinks\Git\index.vue", "Vue", 0, 0, 0, 0, 20, 0, 0, 0, 0, 2, 22
"d:\work\workspace\thinglinks\thinglinks-ui\src\components\TopNav\index.vue", "Vue", 0, 0, 0, 0, 172, 0, 0, 0, 17, 7, 196
"d:\work\workspace\thinglinks\thinglinks-ui\src\components\iFrame\index.vue", "Vue", 0, 0, 0, 0, 36, 0, 0, 0, 0, 1, 37
"d:\work\workspace\thinglinks\thinglinks-ui\src\directive\dialog\drag.js", "JavaScript", 43, 0, 0, 0, 0, 0, 0, 0, 13, 9, 65
"d:\work\workspace\thinglinks\thinglinks-ui\src\directive\dialog\dragHeight.js", "JavaScript", 26, 0, 0, 0, 0, 0, 0, 0, 7, 2, 35
"d:\work\workspace\thinglinks\thinglinks-ui\src\directive\dialog\dragWidth.js", "JavaScript", 22, 0, 0, 0, 0, 0, 0, 0, 7, 2, 31
"d:\work\workspace\thinglinks\thinglinks-ui\src\directive\index.js", "JavaScript", 18, 0, 0, 0, 0, 0, 0, 0, 0, 4, 22
"d:\work\workspace\thinglinks\thinglinks-ui\src\directive\permission\hasPermi.js", "JavaScript", 19, 0, 0, 0, 0, 0, 0, 0, 4, 6, 29
"d:\work\workspace\thinglinks\thinglinks-ui\src\directive\permission\hasRole.js", "JavaScript", 19, 0, 0, 0, 0, 0, 0, 0, 4, 6, 29
"d:\work\workspace\thinglinks\thinglinks-ui\src\directive\permission\index.js", "JavaScript", 12, 0, 0, 0, 0, 0, 0, 0, 0, 4, 16
"d:\work\workspace\thinglinks\thinglinks-ui\src\layout\components\AppMain.vue", "Vue", 0, 0, 0, 0, 49, 0, 0, 0, 3, 7, 59
"d:\work\workspace\thinglinks\thinglinks-ui\src\layout\components\InnerLink\index.vue", "Vue", 0, 0, 0, 0, 26, 0, 0, 0, 0, 2, 28
"d:\work\workspace\thinglinks\thinglinks-ui\src\layout\components\Navbar.vue", "Vue", 0, 0, 0, 0, 169, 0, 0, 0, 0, 24, 193
"d:\work\workspace\thinglinks\thinglinks-ui\src\layout\components\Settings\index.vue", "Vue", 0, 0, 0, 0, 235, 0, 0, 0, 0, 22, 257
"d:\work\workspace\thinglinks\thinglinks-ui\src\layout\components\Sidebar\FixiOSBug.js", "JavaScript", 24, 0, 0, 0, 0, 0, 0, 0, 1, 1, 26
"d:\work\workspace\thinglinks\thinglinks-ui\src\layout\components\Sidebar\Item.vue", "Vue", 0, 0, 0, 0, 27, 0, 0, 0, 0, 3, 30
"d:\work\workspace\thinglinks\thinglinks-ui\src\layout\components\Sidebar\Link.vue", "Vue", 0, 0, 0, 0, 41, 0, 0, 0, 0, 3, 44
"d:\work\workspace\thinglinks\thinglinks-ui\src\layout\components\Sidebar\Logo.vue", "Vue", 0, 0, 0, 0, 84, 0, 0, 0, 0, 10, 94
"d:\work\workspace\thinglinks\thinglinks-ui\src\layout\components\Sidebar\SidebarItem.vue", "Vue", 0, 0, 0, 0, 90, 0, 0, 0, 4, 7, 101
"d:\work\workspace\thinglinks\thinglinks-ui\src\layout\components\Sidebar\index.vue", "Vue", 0, 0, 0, 0, 54, 0, 0, 0, 1, 3, 58
"d:\work\workspace\thinglinks\thinglinks-ui\src\layout\components\TagsView\ScrollPane.vue", "Vue", 0, 0, 0, 0, 81, 0, 0, 0, 4, 10, 95
"d:\work\workspace\thinglinks\thinglinks-ui\src\layout\components\TagsView\index.vue", "Vue", 0, 0, 0, 0, 321, 0, 0, 0, 6, 7, 334
"d:\work\workspace\thinglinks\thinglinks-ui\src\layout\components\index.js", "JavaScript", 5, 0, 0, 0, 0, 0, 0, 0, 0, 1, 6
"d:\work\workspace\thinglinks\thinglinks-ui\src\layout\index.vue", "Vue", 0, 0, 0, 0, 98, 0, 0, 0, 0, 10, 108
"d:\work\workspace\thinglinks\thinglinks-ui\src\layout\mixin\ResizeHandler.js", "JavaScript", 40, 0, 0, 0, 0, 0, 0, 0, 2, 4, 46
"d:\work\workspace\thinglinks\thinglinks-ui\src\main.js", "JavaScript", 68, 0, 0, 0, 0, 0, 0, 0, 21, 15, 104
"d:\work\workspace\thinglinks\thinglinks-ui\src\permission.js", "JavaScript", 44, 0, 0, 0, 0, 0, 0, 0, 5, 5, 54
"d:\work\workspace\thinglinks\thinglinks-ui\src\plugins\cache.js", "JavaScript", 70, 0, 0, 0, 0, 0, 0, 0, 6, 2, 78
"d:\work\workspace\thinglinks\thinglinks-ui\src\plugins\index.js", "JavaScript", 8, 0, 0, 0, 0, 0, 0, 0, 2, 2, 12
"d:\work\workspace\thinglinks\thinglinks-ui\src\plugins\modal.js", "JavaScript", 58, 0, 0, 0, 0, 0, 0, 0, 15, 3, 76
"d:\work\workspace\thinglinks\thinglinks-ui\src\router\index.js", "JavaScript", 195, 0, 0, 0, 0, 0, 0, 0, 21, 6, 222
"d:\work\workspace\thinglinks\thinglinks-ui\src\settings.js", "JavaScript", 10, 0, 0, 0, 0, 0, 0, 0, 27, 8, 45
"d:\work\workspace\thinglinks\thinglinks-ui\src\store\getters.js", "JavaScript", 18, 0, 0, 0, 0, 0, 0, 0, 0, 1, 19
"d:\work\workspace\thinglinks\thinglinks-ui\src\store\index.js", "JavaScript", 20, 0, 0, 0, 0, 0, 0, 0, 0, 4, 24
"d:\work\workspace\thinglinks\thinglinks-ui\src\store\modules\app.js", "JavaScript", 52, 0, 0, 0, 0, 0, 0, 0, 0, 5, 57
"d:\work\workspace\thinglinks\thinglinks-ui\src\store\modules\permission.js", "JavaScript", 107, 0, 0, 0, 0, 0, 0, 0, 6, 6, 119
"d:\work\workspace\thinglinks\thinglinks-ui\src\store\modules\settings.js", "JavaScript", 35, 0, 0, 0, 0, 0, 0, 0, 2, 6, 43
"d:\work\workspace\thinglinks\thinglinks-ui\src\store\modules\tagsView.js", "JavaScript", 191, 0, 0, 0, 0, 0, 0, 0, 1, 16, 208
"d:\work\workspace\thinglinks\thinglinks-ui\src\store\modules\user.js", "JavaScript", 102, 0, 0, 0, 0, 0, 0, 0, 5, 9, 116
"d:\work\workspace\thinglinks\thinglinks-ui\src\utils\auth.js", "JavaScript", 21, 0, 0, 0, 0, 0, 0, 0, 0, 9, 30
"d:\work\workspace\thinglinks\thinglinks-ui\src\utils\dict\Dict.js", "JavaScript", 61, 0, 0, 0, 0, 0, 0, 0, 16, 6, 83
"d:\work\workspace\thinglinks\thinglinks-ui\src\utils\dict\DictConverter.js", "JavaScript", 10, 0, 0, 0, 0, 0, 0, 0, 5, 3, 18
"d:\work\workspace\thinglinks\thinglinks-ui\src\utils\dict\DictData.js", "JavaScript", 7, 0, 0, 0, 0, 0, 0, 0, 6, 1, 14
"d:\work\workspace\thinglinks\thinglinks-ui\src\utils\dict\DictMeta.js", "JavaScript", 23, 0, 0, 0, 0, 0, 0, 0, 12, 4, 39
"d:\work\workspace\thinglinks\thinglinks-ui\src\utils\dict\DictOptions.js", "JavaScript", 29, 0, 0, 0, 0, 0, 0, 0, 18, 5, 52
"d:\work\workspace\thinglinks\thinglinks-ui\src\utils\dict\index.js", "JavaScript", 32, 0, 0, 0, 0, 0, 0, 0, 0, 2, 34
"d:\work\workspace\thinglinks\thinglinks-ui\src\utils\errorCode.js", "JavaScript", 6, 0, 0, 0, 0, 0, 0, 0, 0, 1, 7
"d:\work\workspace\thinglinks\thinglinks-ui\src\utils\generator\config.js", "JavaScript", 433, 0, 0, 0, 0, 0, 0, 0, 1, 5, 439
"d:\work\workspace\thinglinks\thinglinks-ui\src\utils\generator\css.js", "JavaScript", 16, 0, 0, 0, 0, 0, 0, 0, 0, 3, 19
"d:\work\workspace\thinglinks\thinglinks-ui\src\utils\generator\drawingDefalut.js", "JavaScript", 29, 0, 0, 0, 0, 0, 0, 0, 0, 1, 30
"d:\work\workspace\thinglinks\thinglinks-ui\src\utils\generator\html.js", "JavaScript", 322, 0, 0, 0, 0, 0, 0, 0, 4, 34, 360
"d:\work\workspace\thinglinks\thinglinks-ui\src\utils\generator\icon.json", "JSON", 0, 1, 0, 0, 0, 0, 0, 0, 0, 0, 1
"d:\work\workspace\thinglinks\thinglinks-ui\src\utils\generator\js.js", "JavaScript", 213, 0, 0, 0, 0, 0, 0, 0, 2, 22, 237
"d:\work\workspace\thinglinks\thinglinks-ui\src\utils\generator\render.js", "JavaScript", 118, 0, 0, 0, 0, 0, 0, 0, 1, 8, 127
"d:\work\workspace\thinglinks\thinglinks-ui\src\utils\index.js", "JavaScript", 269, 0, 0, 0, 0, 0, 0, 0, 90, 32, 391
"d:\work\workspace\thinglinks\thinglinks-ui\src\utils\jsencrypt.js", "JavaScript", 21, 0, 0, 0, 0, 0, 0, 0, 3, 7, 31
"d:\work\workspace\thinglinks\thinglinks-ui\src\utils\permission.js", "JavaScript", 35, 0, 0, 0, 0, 0, 0, 0, 10, 6, 51
"d:\work\workspace\thinglinks\thinglinks-ui\src\utils\request.js", "JavaScript", 104, 0, 0, 0, 0, 0, 0, 0, 11, 7, 122
"d:\work\workspace\thinglinks\thinglinks-ui\src\utils\scroll-to.js", "JavaScript", 39, 0, 0, 0, 0, 0, 0, 0, 15, 5, 59
"d:\work\workspace\thinglinks\thinglinks-ui\src\utils\thinglinks.js", "JavaScript", 183, 0, 0, 0, 0, 0, 0, 0, 26, 19, 228
"d:\work\workspace\thinglinks\thinglinks-ui\src\utils\validate.js", "JavaScript", 39, 0, 0, 0, 0, 0, 0, 0, 36, 9, 84
"d:\work\workspace\thinglinks\thinglinks-ui\src\utils\zipdownload.js", "JavaScript", 34, 0, 0, 0, 0, 0, 0, 0, 6, 3, 43
"d:\work\workspace\thinglinks\thinglinks-ui\src\views\broker\realTime\index.vue", "Vue", 0, 0, 0, 0, 129, 0, 0, 0, 18, 7, 154
"d:\work\workspace\thinglinks\thinglinks-ui\src\views\broker\sendMsg\index.vue", "Vue", 0, 0, 0, 0, 74, 0, 0, 0, 5, 4, 83
"d:\work\workspace\thinglinks\thinglinks-ui\src\views\components\icons\element-icons.js", "JavaScript", 2, 0, 0, 0, 0, 0, 0, 0, 0, 2, 4
"d:\work\workspace\thinglinks\thinglinks-ui\src\views\components\icons\index.vue", "Vue", 0, 0, 0, 0, 81, 0, 0, 0, 0, 7, 88
"d:\work\workspace\thinglinks\thinglinks-ui\src\views\components\icons\svg-icons.js", "JavaScript", 7, 0, 0, 0, 0, 0, 0, 0, 0, 4, 11
"d:\work\workspace\thinglinks\thinglinks-ui\src\views\dashboard\BarChart.vue", "Vue", 0, 0, 0, 0, 98, 0, 0, 0, 0, 5, 103
"d:\work\workspace\thinglinks\thinglinks-ui\src\views\dashboard\LineChart.vue", "Vue", 0, 0, 0, 0, 133, 0, 0, 0, 0, 3, 136
"d:\work\workspace\thinglinks\thinglinks-ui\src\views\dashboard\PanelGroup.vue", "Vue", 0, 0, 0, 0, 159, 0, 0, 0, 0, 23, 182
"d:\work\workspace\thinglinks\thinglinks-ui\src\views\dashboard\PieChart.vue", "Vue", 0, 0, 0, 0, 76, 0, 0, 0, 0, 4, 80
"d:\work\workspace\thinglinks\thinglinks-ui\src\views\dashboard\RaddarChart.vue", "Vue", 0, 0, 0, 0, 112, 0, 0, 0, 0, 5, 117
"d:\work\workspace\thinglinks\thinglinks-ui\src\views\dashboard\mixins\resize.js", "JavaScript", 48, 0, 0, 0, 0, 0, 0, 0, 4, 5, 57
"d:\work\workspace\thinglinks\thinglinks-ui\src\views\error\401.vue", "Vue", 0, 0, 0, 0, 85, 0, 0, 0, 0, 4, 89
"d:\work\workspace\thinglinks\thinglinks-ui\src\views\error\404.vue", "Vue", 0, 0, 0, 0, 230, 0, 0, 0, 0, 4, 234
"d:\work\workspace\thinglinks\thinglinks-ui\src\views\index.vue", "Vue", 0, 0, 0, 0, 182, 0, 0, 0, 1, 13, 196
"d:\work\workspace\thinglinks\thinglinks-ui\src\views\index_v1.vue", "Vue", 0, 0, 0, 0, 87, 0, 0, 0, 0, 12, 99
"d:\work\workspace\thinglinks\thinglinks-ui\src\views\link\casbinRule\index.vue", "Vue", 0, 0, 0, 0, 221, 0, 0, 0, 129, 5, 355
"d:\work\workspace\thinglinks\thinglinks-ui\src\views\link\deviceInfo\equipmentShadow.vue", "Vue", 0, 0, 0, 0, 331, 0, 0, 0, 17, 14, 362
"d:\work\workspace\thinglinks\thinglinks-ui\src\views\link\deviceInfo\index.vue", "Vue", 0, 0, 0, 0, 502, 0, 0, 0, 36, 6, 544
"d:\work\workspace\thinglinks\thinglinks-ui\src\views\link\device\action\index.vue", "Vue", 0, 0, 0, 0, 268, 0, 0, 0, 33, 8, 309
"d:\work\workspace\thinglinks\thinglinks-ui\src\views\link\device\detail.vue", "Vue", 0, 0, 0, 0, 252, 0, 0, 0, 5, 18, 275
"d:\work\workspace\thinglinks\thinglinks-ui\src\views\link\device\deviceDetails.vue", "Vue", 0, 0, 0, 0, 533, 0, 0, 0, 38, 18, 589
"d:\work\workspace\thinglinks\thinglinks-ui\src\views\link\device\index.vue", "Vue", 0, 0, 0, 0, 740, 0, 0, 0, 37, 16, 793
"d:\work\workspace\thinglinks\thinglinks-ui\src\views\link\device\mapView.vue", "Vue", 0, 0, 0, 0, 329, 0, 0, 0, 21, 4, 354
"d:\work\workspace\thinglinks\thinglinks-ui\src\views\link\device\topic\index.vue", "Vue", 0, 0, 0, 0, 253, 0, 0, 0, 29, 6, 288
"d:\work\workspace\thinglinks\thinglinks-ui\src\views\link\productTemplate\detail.vue", "Vue", 0, 0, 0, 0, 106, 0, 0, 0, 1, 11, 118
"d:\work\workspace\thinglinks\thinglinks-ui\src\views\link\productTemplate\index.vue", "Vue", 0, 0, 0, 0, 233, 0, 0, 0, 30, 7, 270
"d:\work\workspace\thinglinks\thinglinks-ui\src\views\link\product\commands\index.vue", "Vue", 0, 0, 0, 0, 235, 0, 0, 0, 34, 7, 276
"d:\work\workspace\thinglinks\thinglinks-ui\src\views\link\product\commands\requests\index.vue", "Vue", 0, 0, 0, 0, 343, 0, 0, 0, 43, 6, 392
"d:\work\workspace\thinglinks\thinglinks-ui\src\views\link\product\commands\response\index.vue", "Vue", 0, 0, 0, 0, 344, 0, 0, 0, 43, 6, 393
"d:\work\workspace\thinglinks\thinglinks-ui\src\views\link\product\detail.vue", "Vue", 0, 0, 0, 0, 245, 0, 0, 0, 11, 11, 267
"d:\work\workspace\thinglinks\thinglinks-ui\src\views\link\product\index.vue", "Vue", 0, 0, 0, 0, 1385, 0, 0, 0, 65, 23, 1473
"d:\work\workspace\thinglinks\thinglinks-ui\src\views\link\product\properties\index.vue", "Vue", 0, 0, 0, 0, 475, 0, 0, 0, 46, 10, 531
"d:\work\workspace\thinglinks\thinglinks-ui\src\views\link\product\services\index.vue", "Vue", 0, 0, 0, 0, 319, 0, 0, 0, 36, 10, 365
"d:\work\workspace\thinglinks\thinglinks-ui\src\views\link\protocol\TheCodeEditor\theCodeEditor.vue", "Vue", 0, 0, 0, 0, 58, 0, 0, 0, 5, 4, 67
"d:\work\workspace\thinglinks\thinglinks-ui\src\views\link\protocol\index.vue", "Vue", 0, 0, 0, 0, 386, 0, 0, 0, 32, 7, 425
"d:\work\workspace\thinglinks\thinglinks-ui\src\views\login.vue", "Vue", 0, 0, 0, 0, 207, 0, 0, 0, 3, 5, 215
"d:\work\workspace\thinglinks\thinglinks-ui\src\views\monitor\druid\index.vue", "Vue", 0, 0, 0, 0, 15, 0, 0, 0, 0, 1, 16
"d:\work\workspace\thinglinks\thinglinks-ui\src\views\monitor\job\index.vue", "Vue", 0, 0, 0, 0, 472, 0, 0, 0, 36, 9, 517
"d:\work\workspace\thinglinks\thinglinks-ui\src\views\monitor\job\log.vue", "Vue", 0, 0, 0, 0, 273, 0, 0, 0, 20, 6, 299
"d:\work\workspace\thinglinks\thinglinks-ui\src\views\monitor\online\index.vue", "Vue", 0, 0, 0, 0, 107, 0, 0, 0, 8, 6, 121
"d:\work\workspace\thinglinks\thinglinks-ui\src\views\redirect.vue", "Vue", 0, 0, 0, 0, 12, 0, 0, 0, 0, 1, 13
"d:\work\workspace\thinglinks\thinglinks-ui\src\views\register.vue", "Vue", 0, 0, 0, 0, 183, 0, 0, 0, 1, 14, 198
"d:\work\workspace\thinglinks\thinglinks-ui\src\views\system\config\index.vue", "Vue", 0, 0, 0, 0, 314, 0, 0, 0, 26, 6, 346
"d:\work\workspace\thinglinks\thinglinks-ui\src\views\system\dept\index.vue", "Vue", 0, 0, 0, 0, 304, 0, 0, 0, 24, 6, 334
"d:\work\workspace\thinglinks\thinglinks-ui\src\views\system\dict\data.vue", "Vue", 0, 0, 0, 0, 351, 0, 0, 0, 29, 6, 386
"d:\work\workspace\thinglinks\thinglinks-ui\src\views\system\dict\index.vue", "Vue", 0, 0, 0, 0, 238, 0, 0, 0, 26, 6, 270
"d:\work\workspace\thinglinks\thinglinks-ui\src\views\system\logininfor\index.vue", "Vue", 0, 0, 0, 0, 197, 0, 0, 0, 17, 7, 221
"d:\work\workspace\thinglinks\thinglinks-ui\src\views\system\menu\index.vue", "Vue", 0, 0, 0, 0, 361, 0, 0, 0, 25, 6, 392
"d:\work\workspace\thinglinks\thinglinks-ui\src\views\system\notice\index.vue", "Vue", 0, 0, 0, 0, 285, 0, 0, 0, 23, 7, 315
"d:\work\workspace\thinglinks\thinglinks-ui\src\views\system\operlog\index.vue", "Vue", 0, 0, 0, 0, 280, 0, 0, 0, 22, 8, 310
"d:\work\workspace\thinglinks\thinglinks-ui\src\views\system\post\index.vue", "Vue", 0, 0, 0, 0, 281, 0, 0, 0, 24, 6, 311
"d:\work\workspace\thinglinks\thinglinks-ui\src\views\system\role\authUser.vue", "Vue", 0, 0, 0, 0, 181, 0, 0, 0, 15, 5, 201
"d:\work\workspace\thinglinks\thinglinks-ui\src\views\system\role\index.vue", "Vue", 0, 0, 0, 0, 562, 0, 0, 0, 50, 8, 620
"d:\work\workspace\thinglinks\thinglinks-ui\src\views\system\role\selectUser.vue", "Vue", 0, 0, 0, 0, 122, 0, 0, 0, 13, 2, 137
"d:\work\workspace\thinglinks\thinglinks-ui\src\views\system\user\authRole.vue", "Vue", 0, 0, 0, 0, 102, 0, 0, 0, 10, 5, 117
"d:\work\workspace\thinglinks\thinglinks-ui\src\views\system\user\index.vue", "Vue", 0, 0, 0, 0, 615, 0, 0, 0, 54, 7, 676
"d:\work\workspace\thinglinks\thinglinks-ui\src\views\system\user\profile\index.vue", "Vue", 0, 0, 0, 0, 89, 0, 0, 0, 0, 3, 92
"d:\work\workspace\thinglinks\thinglinks-ui\src\views\system\user\profile\resetPwd.vue", "Vue", 0, 0, 0, 0, 69, 0, 0, 0, 1, 3, 73
"d:\work\workspace\thinglinks\thinglinks-ui\src\views\system\user\profile\userAvatar.vue", "Vue", 0, 0, 0, 0, 156, 0, 0, 0, 13, 3, 172
"d:\work\workspace\thinglinks\thinglinks-ui\src\views\system\user\profile\userInfo.vue", "Vue", 0, 0, 0, 0, 73, 0, 0, 0, 1, 3, 77
"d:\work\workspace\thinglinks\thinglinks-ui\src\views\tdengine\shadow\detail.vue", "Vue", 0, 0, 0, 0, 185, 0, 0, 0, 22, 2, 209
"d:\work\workspace\thinglinks\thinglinks-ui\src\views\tdengine\shadow\guanfu.vue", "Vue", 0, 0, 0, 0, 330, 0, 0, 0, 34, 4, 368
"d:\work\workspace\thinglinks\thinglinks-ui\src\views\tdengine\shadow\index.vue", "Vue", 0, 0, 0, 0, 160, 0, 0, 0, 14, 2, 176
"d:\work\workspace\thinglinks\thinglinks-ui\src\views\tdengine\shadow\lemp.vue", "Vue", 0, 0, 0, 0, 311, 0, 0, 0, 34, 5, 350
"d:\work\workspace\thinglinks\thinglinks-ui\src\views\tool\build\CodeTypeDialog.vue", "Vue", 0, 0, 0, 0, 105, 0, 0, 0, 0, 2, 107
"d:\work\workspace\thinglinks\thinglinks-ui\src\views\tool\build\DraggableItem.vue", "Vue", 0, 0, 0, 0, 95, 0, 0, 0, 0, 6, 101
"d:\work\workspace\thinglinks\thinglinks-ui\src\views\tool\build\IconsDialog.vue", "Vue", 0, 0, 0, 0, 121, 0, 0, 0, 0, 3, 124
"d:\work\workspace\thinglinks\thinglinks-ui\src\views\tool\build\RightPanel.vue", "Vue", 0, 0, 0, 0, 166, 0, 0, 0, 687, 0, 853
"d:\work\workspace\thinglinks\thinglinks-ui\src\views\tool\build\TreeNodeDialog.vue", "Vue", 0, 0, 0, 0, 147, 0, 0, 0, 1, 2, 150
"d:\work\workspace\thinglinks\thinglinks-ui\src\views\tool\build\index.vue", "Vue", 0, 0, 0, 0, 770, 0, 0, 0, 4, 21, 795
"d:\work\workspace\thinglinks\thinglinks-ui\src\views\tool\gen\basicInfoForm.vue", "Vue", 0, 0, 0, 0, 60, 0, 0, 0, 0, 2, 62
"d:\work\workspace\thinglinks\thinglinks-ui\src\views\tool\gen\editTable.vue", "Vue", 0, 0, 0, 0, 218, 0, 0, 0, 12, 3, 233
"d:\work\workspace\thinglinks\thinglinks-ui\src\views\tool\gen\genInfoForm.vue", "Vue", 0, 0, 0, 0, 287, 0, 0, 0, 4, 10, 301
"d:\work\workspace\thinglinks\thinglinks-ui\src\views\tool\gen\importTable.vue", "Vue", 0, 0, 0, 0, 109, 0, 0, 0, 12, 2, 123
"d:\work\workspace\thinglinks\thinglinks-ui\src\views\tool\gen\index.vue", "Vue", 0, 0, 0, 0, 306, 0, 0, 0, 24, 5, 335
"d:\work\workspace\thinglinks\thinglinks-ui\vue.config.js", "JavaScript", 104, 0, 0, 0, 0, 0, 0, 0, 15, 7, 126
"Total", "-", 4989, 98, 21, 391, 23301, 5, 203, 836, 3165, 1625, 34634